{"result":[{"total":0,"natural":0,"unnatural":0,"suspicious":0,"category":"Others"},{"total":0,"natural":0,"unnatural":0,"suspicious":0,"category":"E-commerce or Annonce"},{"total":0,"natural":0,"unnatural":0,"suspicious":0,"category":"Blog"},{"total":0,"natural":0,"unnatural":0,"suspicious":0,"category":"Forum"},{"total":0,"natural":0,"unnatural":0,"suspicious":0,"category":"Encyclopedia or News"},{"total":0,"natural":0,"unnatural":0,"suspicious":0,"category":"Directory"},{"total":0,"natural":0,"unnatural":0,"suspicious":0,"category":"Error"},{"total":0,"natural":0,"unnatural":0,"suspicious":0,"category":"Social media"}],"status":"ok"}